text_column,label
mmg 8,gambling
resende,safe
sun,gambling
zbet,gambling
spimovel,safe
bancodeprecos,safe
geekhunter,safe
maxxxmoveis,safe
tuapalavra,safe
ric,safe
ensite,safe
k 8 cc 11,gambling
arraial,safe
ozbet,gambling
spcbrasil,safe
blackchippoker,gambling
rocco,safe
censanet,safe
sportstoto,gambling
loonybingo,gambling
go-vip,safe
gogobolaku,gambling
pinayflix,safe
8 x 055,gambling
i 9 bet 18,gambling
tff,safe
vin 68,gambling
royalpanda,gambling
hi 88 vip 4,gambling
247 sports,safe
castelobranco,safe
danviet,safe
realizesolucoesfinanceiras,safe
louisvillecasino,gambling
porngameshub,safe
playunix,safe
nfnoticias,safe
sportsbookusa,gambling
tely,safe
b 69,gambling
sintegra,safe
iforbet,gambling
we 1 win 1,gambling
winamax,gambling
noblebet,gambling
vf 456,gambling
10 bet,gambling
i 9 bet 15,gambling
umd,safe
keirin,safe
gsp,safe
mybookie,gambling
789 bet,gambling
vgnoticias,safe
8 xbet 253,gambling
ezpointweb,safe
lookbingo,gambling
futebolpeneira,safe
drogariasminasmais,safe
csgohollow,gambling
tik 88,gambling
csgoatse,gambling
fidelimax,safe
trochoivuaclub,gambling
bookmakerclub,gambling
xtovideo,safe
fb 88 sg,gambling
pushnami,safe
navita,safe
mym,safe
bluetree,safe
ouraring,safe
k 8 asia 85,gambling
betive,gambling
milfporn,safe
17 c-foto,gambling
q 85 o 3,gambling
i 9 bet 12,gambling
mobilesim,safe
nhat 1,gambling
cursor,safe
itnettelecom,safe
pruffme,safe
sueddeutsche,safe
k 8 vvip,gambling
medgrupo,safe
wily,safe
camaqua,safe
news 24,safe
h 680 amx-data,gambling
aventuraecia,safe
folha,safe
vinnarum,gambling
iubenda,safe
play 888,gambling
magazinemedica,safe
justforbettors,gambling
ewinner,gambling
xhamsterlive,safe
blogdomadeira,safe
vw 250,gambling
casadeapostas,gambling
myotelecom,safe
sectorbet,gambling
vw 220,gambling
qh 217,gambling
ndyj-th,gambling
nuro,safe
i 9 bet 87,gambling
marsbet 300,gambling
divvino,safe
yiptelecom,safe
bingoyard,gambling
sponteweb,safe
i 9 bet 14,gambling
nxb 8,gambling
europe-bet,gambling
expedia,safe
pasarbola,gambling
delicious,safe
dadobet,gambling
lojaalbano,safe
lotto-niedersachsen,gambling
cacay,safe
edocs,safe
allyoubet,gambling
bongacams,safe
spaindiana,safe
iterable,safe
jogartop,gambling
vwinpro,gambling
csgohunt,gambling
relaysteering,safe
techlab-cdn,safe
casineto,gambling
jackpotcitycasino,gambling
theenemy,safe
brapix,gambling
dolynkcloud,safe
pikakasino,gambling
opap,gambling
brianpeterson,safe
novatecnet,safe
megasportsworld,gambling
supersportsbook,gambling
78 win 07,gambling
funtaikhoan,gambling
samsunghk,gambling
freeslotshub,gambling
caesarsports,gambling
rubinot,safe
may 88,gambling
ticketsvaleencantado,safe
csgolounge,gambling
bangcdn,safe
br 4 bets,gambling
lobopro,gambling
snapinsta,safe
gamedoithuong,gambling
revistaduasrodas,safe
centraldavisao,safe
javwow,safe
cloudbet,gambling
unovacursos,safe
resultadofacil,safe
5 shbet,gambling
triobet,gambling
ucar,safe
frsys,safe
masterxx 4,gambling
parentsquare,safe
maxbet,gambling
trangchu,gambling
pixbet,gambling
gem-vt,gambling
storspiller,gambling
444 sports,gambling
k 8 asia 97,gambling
divulgajobs,safe
somaorcamento,safe
xfree,safe
betika,gambling
portalgoitaca,safe
incluster,safe
dabeme,safe
csgopoker,gambling
k 8 vip 68,gambling
faster,safe
k 8 tip 28,gambling
converse,safe
riojogos,gambling
ole,safe
trovao 777,gambling
userapi,safe
g 2 netsul,safe
k 88,gambling
kingneptunescasino,gambling
fzi,safe
hitclub,gambling
2 cloud,safe
xo 88 bet,gambling
skyclub,gambling
auth 0,safe
kissjav,safe
autoavaliar,safe
sagreseduca,safe
c 54 bb,gambling
betprestige,gambling
masteronline,safe
usbet,gambling
sportzbookz,gambling
rubik 88,gambling
mentalfloss,safe
spinland,gambling
idsecure,safe
seconds,safe
lekmanga,safe
bet 777,gambling
altarendablog,safe
pequenobrilho,safe
betmira,gambling
lojaclamper,safe
jwpltx,safe
csgoaimpot,gambling
planetwin 365,gambling
oxbet,gambling
luckylandslots,gambling
nature,safe
2024 xemwc,gambling
webprestador,safe
csgoldpot,gambling
5 yms-mail,gambling
hawaiicasino,gambling
iflexaccmm,safe
appsflyer,safe
maturetube,safe
caesars,gambling
santacruz,safe
owl-mi,gambling
fuq,safe
guiaserra,safe
cnte,safe
americascardroom,gambling
bytedance,safe
thethaovip,gambling
ttkswgqjy,gambling
alo 888,gambling
adspower,safe
nike-ff,gambling
ms 88 ca,gambling
2 betesi,gambling
assistive,safe
edicoescnbb,safe
powermix,safe
overtheodds,gambling
ji 8 q-go,gambling
rodadagratis,gambling
tin 888,gambling
pbdoc,safe
setorreciclagem,safe
22 ee 88,gambling
orgfree,gambling
i 9 bet 90,gambling
uitm,safe
v 0328,gambling
ifrn,safe
bulbeenergia,safe
33 win 9,gambling
workers,safe
powercrm,safe
madbookie,gambling
we 1 win 3,gambling
pokergolden,gambling
yvjxh 1-shop,gambling
callofduty,safe
bingostreet,gambling
betdna,gambling
kaboo,gambling
eestiloto,gambling
ngsites,safe
5 lgmb,gambling
connectesite,safe
sportsbooks,gambling
jornalsulcatarinense,safe
okvip,gambling
housieskill,gambling
w 88 city,gambling
ybbbet,gambling
pro-factory,gambling
top 88,gambling
pokerstars,gambling
betcityru,gambling
sieunhacai,gambling
mobiuspace,safe
playrik 79,gambling
remote-service-pf,safe
babymee,safe
vao 789 club,gambling
orizzontescuola,safe
astralmapa,safe
keplr,safe
vwinbanh,gambling
upprovedor,safe
hi 88 vip 0,gambling
okbet,gambling
health,safe
ruacep,safe
gravatar,safe
kto,gambling
bobregister,gambling
dfbertuah,gambling
labimagem,safe
ku 6108,gambling
mxvietnam,gambling
vipapostas,safe
digitalgratis,safe
csgofast 123,gambling
pub 88,gambling
ptsecurity,safe
thantai 68,gambling
caiapoleiloes,safe
lazvegas,gambling
anageimoveis,safe
betsson,gambling
x 1 ucb-shop,gambling
xvideoporno,safe
authenticfeet,safe
k 8 tip 24,gambling
bodog 888,gambling
linkbk 8,gambling
ezsportsbetting,gambling
martinello,safe
fun 88 epl,gambling
wavesnow,safe
altotieteweb,safe
deca,gambling
tha,gambling
c 3 x 7 m 0 k,gambling
fb 88 go,gambling
firefaucet,safe
grupopuralife,safe
esquadrialider,safe
hethongxacthuc,gambling
sagifit,safe
gamezy,gambling
fb 9,gambling
ninpe,safe
6 rh 1-social,gambling
fastly,safe
v 5 h 4 m 2 v,gambling
betzone,gambling
bom 88,gambling
mayansports,gambling
laudoonline,safe
nhat 9,gambling
msconcursos,safe
ku 11,gambling
x 8 vn,gambling
keonhacai-fun 88,gambling
rxhhhdyqyk,gambling
webmail,safe
spreadex,gambling
premiercasino,gambling
miallegra,safe
casino-classic,gambling
cloudns,safe
apachelounge,safe
y 1 o 2 a-shop,gambling
willfinanceira,safe
islandcasino,gambling
metodooba,safe
taisunwin,gambling
uberbb 53,gambling
legendsportsbook,gambling
win 79 play,gambling
betsonic,gambling
preventsenior,safe
samsungmobile,safe
bet 88011,gambling
winamigo,gambling
i 9 bet 8,gambling
sky-70,gambling
uncisal,safe
reverb,safe
easydocs,safe
fun 88 viet,gambling
kidy,safe
telegraaf,safe
youradchoices,safe
useredecloud,safe
julydns,safe
dnip,safe
impulsopark,safe
slackb,safe
q 4 cdn,safe
avast,safe
miku-doujin,safe
manclub 1,gambling
email-ssl,safe
fun 88 event,gambling
betfinal,gambling
novosaque,safe
campinagrande,safe
arabam,safe
pcworld,safe
casinobg,gambling
lojastemperare,safe
hostatom,safe
bk 8 so 1,gambling
bk 8 vip 1,gambling
oddsmaker,gambling
k 8 live 31,gambling
alerj,safe
wazamba,gambling
zodiacu,gambling
megaloterias,safe
cfa,safe
agathanet,safe
5 u 8 m 8,gambling
3 bet,gambling
gns,safe
trivela,safe
7 mmtv,safe
789 a,gambling
hyperino,gambling
thriftbooks,safe
leomadeiras,safe
xkcd,safe
yastatic,safe
kdreams,safe
karlcasino,gambling
sssbet,gambling
shoppingnovaiguacu,safe
altibbi,safe
lobovip,gambling
sun 52,gambling
arpenium,safe
vf 88,gambling
extramercado,safe
hmserver,safe
clubedotaro,safe
k 8 game 93,gambling
key-drop,gambling
s 3 rafe 7,safe
estadao,safe
odontosfera,safe
duelz,gambling
i 9 bet 64,gambling
sedes,safe
skinarena,gambling
floraurbana 420,safe
unilasalle,safe
meteoblue,safe
petrolina,safe
cointelegraph,safe
supremo 1,safe
toproleta,gambling
sistema-argus,safe
miseria,safe
sun 6,gambling
educamaisbrasil,safe
latamairlines,safe
betbuckeyesports,gambling
meiasola,safe
gohorsebetting,gambling
oficinapaosemgluten,safe
abha,safe
i 9 bet 113,gambling
offtrackbetting,gambling
pokerlife,safe
contagem,safe
kisskh,safe
brainly,safe
ovhcloud,safe
sasa 889,gambling
minivn,gambling
sonprev,safe
revistaoeste,safe
ae 888 vn,gambling
simplecast,safe
nhl,safe
atacadodolojista,safe
elielfigueiredo,safe
pin-up-bet 1,gambling
betjamaica,gambling
allstarbet,gambling
brasil 104-1070,safe
simpcity,safe
mulesoft,safe
xxbrits,safe
nlink,safe
179 bet,gambling
ctdns,safe
colegiocomercial-votu,safe
jbo 806,gambling
webstaurantstore,safe
bocchiadvogados,safe
portasabertas,safe
dado-999,gambling
plugin,safe
livebingo,gambling
sebodomessias,safe
m 2305,gambling
prosanearinfo,safe
etopaz,gambling
crowncoinscasino,gambling
oppa 888,gambling
allpro,gambling
c 54455,gambling
eu 9 vietnam,gambling
saedf,safe
i 9 bet 110,gambling
capnology,safe
csgofast,gambling
taisun 52,gambling
presage,safe
megawin 88,gambling
m 88 my,gambling
zearn,safe
playgo 88,gambling
windguru,safe
sqlite,safe
captadores,safe
shbetvv,gambling
stgclinica,safe
pbu-xqb,gambling
betvisa,gambling
rima,safe
xoso 55,gambling
sistemapromoin,safe
pequiperfumes,safe
tiktok,safe
substackcdn,safe
0 s 61 b,gambling
storspelare,gambling
youwager,gambling
vk 88,gambling
bet 1128,gambling
grandcru,safe
daraz,safe
b 88 ag,gambling
agilecdn,safe
k 81206,gambling
tudoparaimprimir,safe
mvpaction,gambling
ebsco,safe
pokerlion,gambling
t-msedge,safe
fa 88 vn,gambling
8 xbe 52,gambling
ircsystem,safe
1 stlines,gambling
bachhoa 88,gambling
capturia,safe
zcggxmdkfw,gambling
crsportsbet,gambling
pendingrenewaldeletion,safe
vitoria 68,gambling
klasselotteriet,gambling
choiriikvip,gambling
optionsports,gambling
zpzshoes,safe
extreme-sportsbetting,gambling
datitia,safe
energybet,gambling
5 r 7 n 0 g 6 m,gambling
bj 288,gambling
lostgamer,safe
188 pscn 2,gambling
i 9 bet 2,gambling
8 n 9 cjw-app,gambling
zeinimport,safe
boston,safe
bebesong,safe
j 32 ot,gambling
begenerous,safe
ufmg,safe
betandclick,gambling
123 win,gambling
solucionarelj,safe
ncsu,safe
telesena,safe
33 betx,gambling
csgodices,gambling
xda-developers,safe
institutolegalle,safe
mp 4 moviez,safe
nexon,safe
luagge,safe
betswar,gambling
thuvienphapluat,safe
hostwebsites,safe
lsbet 690,gambling
soudepalmas,safe
cuocba,gambling
min 88,gambling
huaweicloudwaf,safe
uzporno,safe
worldcombat,safe
lucky 113,gambling
e 9 z 4 q 6 v 4,gambling
bet 7 days,gambling
uscs,safe
fdj,gambling
i 9 fibra,safe
focuschat,safe
cadomienphi,gambling
go 4 bnet,gambling
conectate,safe
edgedns-tm,safe
betonline,gambling
brasil 113-3085,safe
w 88 mp,gambling
sistemasmartins,safe
vestis,safe
benchpromos,safe
xdate,safe
xvipwin,gambling
k 8 tip 31,gambling
alctel,safe
bobetting,gambling
vildonettelecom,safe
noticiabrasil,safe
horizonsports,gambling
sicoobconsorcios,safe
pointsbet,gambling
unc,safe
logicaideal,safe
tf 88792,gambling
tableau,safe
sunkids,safe
rtve,safe
dmpeople,safe
dynect,safe
639 xw,gambling
goguardian,safe
vw 270,gambling
mansionbet,gambling
inteligentho,safe
pebmed,safe
kraken,safe
campeaodaconstrucao,safe
imobiliarianunes,safe
durafloor,safe
ninthdecimal,safe
prok 8,gambling
megalotto,gambling
campobet,gambling
cabideinfantil,safe
mexicocasino,gambling
expressima,safe
ativapericias,safe
society,gambling
info-bras,safe
qualy,safe
adrenaline,safe
csgovaults,gambling
willhaben,safe
sieutaixiu 79,gambling
thecricketdraft,gambling
grandeponto,safe
magicbet,gambling
qjziwjsn,gambling
carrosnaweb,safe
dino,safe
188 goal,gambling
mydesi 2,safe
caesegatos,safe
delegaciaeletronica,safe
jkanime,safe
util,safe
mv 66,gambling
bet 885678,gambling
ksbingo,gambling
brasilnutrishop,safe
found,safe
sardine,safe
bet 88,gambling
i 9 bet 61,gambling
alvespneus,safe
abrafi,safe
v 88 ag,gambling
aoays,gambling
123 moviesfree,safe
intra,safe
cosmospro,safe
ufra,safe
clear,safe
ubet,gambling
k 8 tip 35,gambling
dish,safe
skedina,gambling
auqs-js,gambling
mangasbrasuka,safe
vz 79,gambling
cartaoatacadao,safe
not-me,safe
xoso 9988,gambling
proesporte,safe
democrata,safe
srf,safe
m 2 mcontrol,safe
puket,safe
atakarejo,safe
vedomosti,safe
sports-gambling,gambling
easports,safe
satander,safe
lotterien,gambling
cacuoc,gambling
bustadice,gambling
tf 88265,gambling
lo 88,gambling
dnlnfqvbw,gambling
jaboatao,safe
nextkhuyenmai,gambling
esri,safe
completa,safe
ow 1-social,gambling
superhq,safe
gamerjackpot,gambling
hotpic,safe
fujioka,safe
petrarcasolucoes,safe
ipiauonline,safe
0 b 9 p 8,gambling
xnhau,safe
bets,gambling
88 online,gambling
maesdepernambuco,safe
klik 4 donline,gambling
svsv 388,gambling
myteam 11,gambling
supermercadomaximo,safe
forsportspicks,gambling
thecredito,safe
quickraiseup,gambling
smile,safe
hay 8811,gambling
maxbetmaxbetmaxbet,gambling
provedorconecty,safe
bestcasino,gambling
portalcorretoraig,safe
brazino 777,gambling
praieirabeachwear,safe
confesol,safe
hbr,safe
vip 88,gambling
dreamz,gambling
dobet,gambling
banca,gambling
ice-f 8 y,gambling
idealista,safe
portaldotrabalhador,safe
dragao-247,gambling
thomo 360,gambling
6 r 0 j 4 g,gambling
uniuv,safe
hybrid,safe
ap 0 sta 2400,gambling
com 4,safe
thethaofb 88,gambling
connectplug,safe
jun 88 w,gambling
448 kbet,gambling
cidades,safe
111 c 54,gambling
webflow,safe
westlotto,gambling
folha 1,safe
unifal-mg,safe
o 6 i 8 h 5,gambling
shbet,gambling
eu 9 vn 1,gambling
j 6 f 7 a 4 q,gambling
betcity,gambling
betvera,gambling
paddypower,gambling
prefeituramoderna,safe
usemariamaral,safe
ourorapido,gambling
vnloto,gambling
lowvig,gambling
contem 1 g,safe
ku 6106,gambling
xcadr,safe
hotlive 8,gambling
loteriasdominicanas,safe
24 bettle,gambling
tecconcursos,safe
w 2 r 0 l,gambling
csgopull,gambling
epe,safe
lojanaescola,safe
sisodonto,safe
t 8 a 6 s 9 v 0,gambling
azulviagens,safe
vw 240,gambling
hyatt,safe
dramariaemiliadebarba,safe
mscbr,safe
dual-s-msedge,safe
libanoeducacional,safe
royal 77 vn,gambling
intelbrasvoice,safe
ace-skins,gambling
999 gold,gambling
hitoficial,safe
betpassion,gambling
ipva,safe
fb 88 zo,gambling
imagemfilmes,safe
cotiaecia,safe
f 8 bet 2,gambling
sv 288,gambling
csgoskins,gambling
quickconnect,safe
sv 388,gambling
88 bet 88 bet,gambling
geobet,gambling
browser-intake-datadoghq,safe
wunderino,gambling
xwapplexx,gambling
compracerta,safe
sportsspread,gambling
office,safe
sportsinteraction,gambling
bordabordadosenxovais,safe
tongdaga,gambling
discord,safe
editorafrutoproibido,safe
montarsite,safe
bk 8,gambling
playground,safe
hay 8822,gambling
ga 88,gambling
banzaislots,gambling
quintoandar,safe
123 tt,safe
cc-ecdn,safe
bmjnet,safe
stihi,safe
strava,safe
canalplus,safe
antibanads,safe
bk 8 h,gambling
man 88,gambling
linhapato,safe
lancetotal,safe
86 yj 17 x,gambling
s 0 rte 2601,gambling
nestoria,safe
ciceropapelaria,safe
k 8 bet,gambling
cashpoint,gambling
ibelborracha,safe
casinojefe,gambling
contasonline,safe
unibo,safe
i 9 bet 104,gambling
icmbio,safe
cofermeta,safe
casinocruise,gambling
cheekywin,gambling
lifepesca,safe
redkings,gambling
sitecontabil,safe
karjalakasino,gambling
ingressosthermasdovale,safe
inovaveterinaria,safe
speedybet,gambling
b 3 ts 1216,gambling
pcmag,safe
mycdn,safe
conceitosinformatica,safe
foreignpolicy,safe
988 bet,gambling
8 vnd,gambling
quemrezasesalva,safe
ikibu,gambling
fiberlinkpe,safe
pimpolele,safe
panteraimoveis,safe
portalava,safe
123 bhh,gambling
relojoariajj,safe
vwinvn,gambling
mekinglove,gambling
optable,safe
scasino,gambling
k 8 vipro 30,gambling
noticiasinterativa,safe
giver,safe
vz 99,gambling
vascoboutique,safe
copper 6,safe
yaplakal,safe
tk 88 j,gambling
mgid,safe
clientco,safe
wettpunkt,gambling
adapar,safe
aenudes,safe
rbsti,safe
k 3 mv-data,gambling
tt 128,gambling
rummy 24,gambling
icsgo,safe
izcx-f 1 l,gambling
panoramamoveis,safe
genyo,safe
scandibet,gambling
ztpurpura,safe
dccasino,gambling
betsbi,gambling
livek 8,gambling
xnxxporn,safe
kitchenaid,safe
diamond 7 casino,gambling
winbet 999,gambling
my-uberhk,gambling
w 88,gambling
casinoandfriends,gambling
znanylekarz,safe
starmakerstudios,safe
basspro,safe
eccobet,gambling
techoje,safe
parade,safe
wideway,safe
rbwtech,safe
mcom,safe
palmerbet,gambling
serasaexperian,safe
mercadocar,safe
gpshow,safe
i 9 bet 106,gambling
sin 88,gambling
mig 8 fans,gambling
tevas,safe
hb 88 vn,gambling
lucky-31,gambling
agen-klik 4 d,gambling
dp 568,gambling
cartaodecreditos,safe
12 bet,gambling
sjbet,gambling
wwd,safe
slotsmagic,gambling
comprenautica,safe
choib 52,gambling
casiplay,gambling
superslots,gambling
789 club,gambling
nikebr 7,gambling
fb 88 anh,gambling
p 2 poker,gambling
choang,gambling
smarkets,gambling
mobilegamestats,safe
brasilespiao,safe
5 c 8 u 5 a 6,gambling
az 888,gambling
box 24 games,gambling
volcmcdn 3,safe
xemdabanh,gambling
cqlc-8669,gambling
uer 5,gambling
marca,safe
sigadoc,safe
joker,safe
classificadoscb,safe
ezbets,gambling
i 9 bet,gambling
hiephoilangnghevietnam,gambling
controlbr,safe
globo,safe
vidio,safe
grupocoobrastur,safe
lottoland,gambling
pumaff 45,gambling
3 tdata,gambling
thebetarena,gambling
csgoshuffle,gambling
m 8 winvnn,gambling
bacty 88,gambling
treasuredata,safe
atacadonipocenter,safe
345 ok 222,gambling
trizy,safe
flemingtonsportsbet,gambling
jockeysp,safe
whatnot,safe
queenvegas,gambling
rugbyrama,safe
leisecamarica,safe
iguaba,safe
institutounivida,safe
i 9 bet 75,gambling
varzeagrande,safe
v 5 t 5 v 1 x 4,gambling
samokat,safe
distribuidorajcf,safe
lottohelden,gambling
cacuoc 365,gambling
super 8 casino,gambling
leiloesbr,safe
b 369,gambling
fapello,safe
axia,safe
mu 922,gambling
gracesbingo,gambling
csgoreactor,gambling
i 9 bet 36,gambling
liadm,safe
90 dakika,gambling
7 qp 74-blog,gambling
highroller,gambling
xingtou 888,gambling
cellologistics,safe
abcislands,gambling
gearnoc,safe
euterapeuta,safe
sber,safe
k 8 love,gambling
texascasino,gambling
sicoobprevi,safe
b 2 breservas,safe
localto,safe
i 9 bet 111,gambling
qq 628,gambling
oppo 96,gambling
onbet 111,gambling
grupoix,safe
contmatic,safe
dgabc,safe
vetormaker,safe
unimontes,safe
tecla,safe
lavras,safe
7 sultanscasino,gambling
kellylemos,safe
curtivendi,safe
vecdnlb,safe
vxcase,safe
proapostar,gambling
vp-app,gambling
frankcasino,gambling
vn 999,gambling
aliexpress-media,safe
supabets,gambling
genera,safe
vitoriafacil,gambling
eurico,safe
s 8 ly 7 n 3-data,gambling
cadecristao,safe
st 66606,gambling
midjourney,safe
f 6 p 7 g,gambling
jackpotslot 2020,gambling
srlimatelecom,safe
villento,gambling
qh 99,gambling
menuintegrado,safe
santosstore,safe
mus,safe
ipwho,safe
tk 88 d,gambling
onbet 7,gambling
antaq,safe
vw 115,gambling
h 3 bet,gambling
book 247,gambling
kdc-st 2,gambling
xnsite,gambling
vwin,gambling
rajahbet,gambling
bizjournals,safe
avatar 4040,safe
keyarena,gambling
omniacasino,gambling
viacaocatedral,safe
pontolivelo,safe
playpix,gambling
iamcook,safe
cisco,safe
vnclub 88,gambling
novacap,safe
actsantacatarina,safe
1 xslots-casino,gambling
betbyrne,gambling
14 news,safe
aethersx 2,safe
28 bet,gambling
cooperacorbanoficial,safe
desync,safe
79 king,gambling
bol,safe
onedio,safe
airbet 88,gambling
luckywinslots,gambling
chartink,safe
estradafacil,safe
loteria,gambling
gaiasite,safe
dwin 1,gambling
cbmsport,gambling
scc 10,safe
michaelkors,safe
espacejeux,gambling
k 801 k,gambling
ecuabet,gambling
ibcbetberry,gambling
congregacaocristanobrasil,safe
w 88 club,gambling
arquisp,safe
ssllabs,safe
nfemais,safe
kingstarcolchoes,safe
conam,safe
pegaplantao,safe
nairabet,gambling
zurkgp,safe
123 b,gambling
taive,gambling
dangky 789,gambling
new-1 k,gambling
k 8 vipro 27,gambling
essentialnutrition,safe
rachacuca,safe
1 eight 8,gambling
flipboard,safe
oversea,safe
5 u 7 w 2,gambling
aibotplatform,safe
adda,gambling
pedroejoaoeditores,safe
vitoria 524 k,gambling
lottery,gambling
trilhante,safe
idrc,safe
turfomania,safe
idiomaindependente,safe
bhminas,safe
bong 99,gambling
m 0 m 4 z,gambling
grandeaglecasino,gambling
77 king 88,gambling
prorodada,gambling
promogoread,safe
win 102,gambling
wctecnologia,safe
casinoportugal,gambling
789 betf,gambling
acm,safe
aposta 864,gambling
paytmfirstgames,gambling
kingkong 999,gambling
leagueoflegends,safe
ntv,safe
proline,gambling
cloudlinux,safe
goldebet,gambling
karhukasino,gambling
188 asia,gambling
azurcasino 2,gambling
sinaf,safe
4 wps,safe
i 9 bet 47,gambling
vz 99 vietnam,gambling
e 2 z 6 t,gambling
q 4 ezb-foto,gambling
employer,safe
s 555,gambling
tab,gambling
stanjames,gambling
rajbet,gambling
4 svh-site,gambling
ceudeprata,safe
redspins,gambling
caruaru,safe
marilia,safe
ubercontabrasil,safe
uni-koeln,safe
bet-csgo,gambling
tcylgslb,safe
onetpedia,gambling
dabliuhost,safe
gitcidadao,safe
fitanalytics,safe
bet 20,gambling
mrplay,gambling
bestbettoday,gambling
wagerallin,gambling
vittelgroup,safe
azza,safe
p 7 campaign,gambling
terra,safe
suomikasino,gambling
hot-m 2,gambling
2 ch 2,safe
idolfap,safe
fb 88 affvn,gambling
benvisavale,safe
csgorich,gambling
cuidarassistencia,safe
wbinsights,safe
1 h 8566,gambling
linkedin,safe
jesterjackpots,gambling
guru 11,gambling
agenciaeplus,safe
sun-jg,gambling
betanysports,gambling
gi 8,gambling
consorciosfg,safe
ipcc,safe
playson,gambling
betnacional,gambling
iclass,safe
sed,safe
funesbom,safe
pricefy,safe
betgun,gambling
leetcode,safe
randonconsorcios,safe
l 2 playoficial,safe
gismeteo,safe
cado,gambling
abacaxi-789,gambling
888 thao,gambling
drakecasino,gambling
saby,safe
sodo 02,gambling
slotv,gambling
centraldasapostas,gambling
aquiris,safe
sure 168,gambling
gameforge,safe
beltnutrition,safe
h 2 bet,gambling
livetex,safe
boylesports,gambling
sirbobet,gambling
fortinet,safe
enluaze,safe
heypoker,gambling
ffh 4 x,safe
sistemavillafacil,safe
radarinternet,safe
exp-tas,safe
raio-365,gambling
bong 88 net,gambling
norskeautomater,gambling
k 8 tip 01,gambling
betser,gambling
creasp,safe
citybingo,gambling
kaiserslots,gambling
spinprincess,gambling
brasilantenado,safe
playojo,gambling
drjones,safe
sieub 52,gambling
voltaredonda,safe
reo 17 w 5 s,gambling
datecode,safe
bradescocartoes,safe
infraestrutura,safe
srv 1 br,safe
gsa,safe
sverigeautomaten,gambling
xoso 788,gambling
codedevapp,safe
corujaz,gambling
amigonaosecompra,safe
csgoezknife,gambling
ggconcursos,safe
ilbe,safe
wirecorp,safe
principal,safe
peakgames,safe
ethos,safe
operacoes,safe
springer,safe
exametoxicologico,safe
tplinknbu,safe
i 9 bet 22,gambling
wager 123,gambling
taison 3,gambling
betdsi,gambling
postomirian,safe
kygen,safe
fischer,safe
m 8 winvip,gambling
88 thaicasinoslots,gambling
afun,gambling
yarabrasil,safe
slotino,gambling
folhamatic,safe
iacs,safe
87 vnd,gambling
casastoantonio,safe
jtexpress,safe
formacaomercadologica,safe
01 x,safe
selfstudys,safe
fortunejack,gambling
vanguardngr,safe
ssv 288,gambling
maximustecidos,safe
guts,gambling
betextratime,gambling
mayksystem,safe
flecha 69 k,gambling
cloudwaysapps,safe
ql-urp,gambling
yamakawa,safe
csgorambopot,gambling
contigo,safe
claudinosa,safe
iabahost,safe
eng,safe
g 9 vip,gambling
choibec 88,gambling
weblocal,safe
unifafibe,safe
virtualead,safe
nate,safe
b 52,gambling
wfamazonsg,gambling
v 9 betwin,gambling
ngcluster,safe
qh 232,gambling
equifax,safe
vsports,gambling
d 80720 w-portal,gambling
z 5 tk-noticias,gambling
tk 88 l,gambling
taigameiwin 68,gambling
duodigital,safe
ruraltec,safe
betway,gambling
evup,safe
nossaaposta,gambling
site 8,safe
adnkronos,safe
v 9 beta,gambling
vn 88 hn,gambling
editorajbc,safe
vipfrase,safe
bharian,safe
famportal,safe
institutofernandabenead,safe
senarpr,safe
zol,safe
stv,safe
frutifica,safe
wishmaker,gambling
qh 250,gambling
caesalcasa,safe
porno 365,safe
paradigmabs,safe
clinicaavanttos,safe
betcruise,gambling
we 1 wingame,gambling
lenscope,safe
butterflybingo,gambling
tur,safe
noaccountcasino,gambling
americasbookie,gambling
l 0 tto 1119,gambling
wager,gambling
tritondigital,safe
cursopoliedro,safe
globalwagering,gambling
bookmaker,gambling
royalslots,gambling
iscaecompanhia,safe
taison 7,gambling
hiatto,safe
luxurycasino,gambling
k 8 asia 89,gambling
melhoresdestinos,safe
backtrace,safe
playamo,gambling
adsrvr,safe
garageskins,safe
betepic,gambling
w 88 c 1,gambling
vietvwin,gambling
unibet,gambling
kingspan-isoeste,safe
spartansslots,gambling
ikesaki,safe
1 win-bet,gambling
championsbet,gambling
marinaparkrs,safe
phncdn,safe
33 winz,gambling
mobocasino,gambling
creditwagering,gambling
minutemedia-prebid,safe
gamerikvip,gambling
playtika,safe
resmed,safe
betfan,gambling
barato,safe
thaicasinosonline,gambling
knnbrasil,safe
vianuvem,safe
svv 388,gambling
windowsphone,safe
9 e 3 c,gambling
1 h 1 m 4 o,gambling
securedvisit,safe
planetofbets,gambling
looselines,gambling
useepulari,safe
7-zip,safe
bola 88,gambling
cpsc,safe
gofile,safe
imagefap,safe
sportsplace 88,gambling
puo 58 rb,gambling
lixi 88 vipzb,gambling
bravo 188,gambling
ufdpar,safe
tl-0 l,gambling
dafapromo,gambling
nghttp 2,safe
vidmate-official,safe
portaldaflorencio,safe
luckydays,gambling
ifortuna,gambling
99 bet,gambling
d 9 bet 38,gambling
cdnhwc 6,safe
participa,safe
sum 27,gambling
go 99 code,gambling
page,safe
guestlistbingo,gambling
noticiasautomotivas,safe
reddogcasinobonuses,gambling
iwin 888,gambling
fiu,safe
fox-nk,gambling
bumlam,safe
won 88,gambling
fb 88 id,gambling
g 9 ke-foto,gambling
mactan,safe
ucabet,gambling
unirg,safe
okking,gambling
liveball,safe
cia,safe
k 8 asia 79,gambling
fbmfja 95,gambling
webhaus,safe
viks,gambling
ladbrokes,gambling
fab,safe
boratickets,safe
dp 313,gambling
gomesdacosta,safe
csgoput,gambling
voysaude,safe
pinup-a,safe
fb 88 day,gambling
valedosol,safe
sandai,safe
hotcartoon,safe
ittv,safe
vpytzesc,gambling
ssl-images-amazon,safe
k 8 fb,gambling
3 i 5 k 8,gambling
vip 11,gambling
ee 88,gambling
4 e 3 y 5 d 1 m,gambling
viamarte,safe
bussolasocial,safe
taison 9,gambling
dpcnet,safe
fernandochagasimoveis,safe
elo,safe
sobreip,safe
serra,safe
ilpost,safe
upbet,gambling
taiwanlottery,gambling
k 8 asia 92,gambling
homerunsportsbetting,gambling
email,safe
bambuser,safe
maze,safe
litoralcar,safe
nsone,safe
fansly,safe
tecnoporto,safe
82 vnd,gambling
xxpkg,safe
dyson,safe
zentrick,safe
i 9 bet 17,gambling
aniview,safe
8 day,gambling
rich 365,gambling
ndmdhs,safe
telesp,safe
3 u 4 y 8 p 3 i,gambling
dronline 24 h,safe
joinbet,gambling
tarodemarselha,safe
idlixku,safe
casinointense-slots,gambling
iwinclub,gambling
ngtelecom,safe
33 win,gambling
netdna-ssl,safe
bizu,safe
bet 2875,gambling
ukcasinoclub,gambling
mm 99,gambling
i 9 bet 79,gambling
xvideos 5,safe
overwolf,safe
netflix,safe
kshost,safe
fun 88 fifa,gambling
cinemark,safe
mydesi,safe
sportybet,gambling
ourpricebet,gambling
nipcable,safe
qh 52,gambling
riqueza-dourada 777,gambling
we-ducatipg,gambling
bestecasino,gambling
rostelecom,safe
betredkings,gambling
i 9 bet 124,gambling
ibyte,safe
uniararas,safe
redeinspiraeducadores,safe
sun 15,gambling
gotosportsbook,gambling
w 99,gambling
fsl 11,gambling
ifg,safe
leaguex,gambling
sigveiculos,safe
fenix 123 k,gambling
6 u 7 e 4 e,gambling
vivaro,gambling
fun-bet,gambling
tf 88 vn,gambling
sv 88 vn,gambling
km 1888866 b,gambling
thelotter,gambling
aleam,safe
adaptogen,safe
keotot,gambling
i 9 bet 112,gambling
gprecode,safe
mimecast,safe
lavoisier,safe
ajato,safe
clickenter,safe
seda,safe
choihitclub,gambling
new 88 w,gambling
drogal,safe
goldenbetsng,gambling
choiwon 88,gambling
salesforce-scrt,safe
tot 88,gambling
detonibeauty,safe
elconfidencial,safe
go 88 p,gambling
batball 11,gambling
oestadoce,safe
go 50,gambling
sin 88 s,gambling
333666 j,gambling
rsasecurity,safe
petropolis,safe
interwetten,gambling
myteampoker,gambling
99 vina,gambling
betrockit,gambling
wymhoki,gambling
ee 8801,gambling
i 9 bet 999,gambling
isaac,safe
t-systems,safe
fun 1008,gambling
coopbet,gambling
1 e 4 d 1,gambling
bk 8 hot,gambling
bravocupom,safe
rr 88,gambling
spinstation,gambling
apuestatotal,safe
sporttime,gambling
eletronicabr,safe
cwin 04,gambling
nrdc,safe
amazon,safe
3 tmynow,gambling
five-88,gambling
topjogo,gambling
905 xyt,gambling
ovocasino,gambling
mu 88,gambling
librus,safe
cvccorp,safe
vn 789,gambling
alo 789 viet,gambling
nordicbet,gambling
pangeia 96,safe
queniusz,safe
guep,safe
tendawifi,safe
movilepay,safe
speedifyvolcai,safe
st 666 yet,gambling
y 940 mu-noticias,gambling
sol 86,gambling
topigri,gambling
whjjtl,gambling
k 8 tip 30,gambling
brasscom,safe
padilhatelecom,safe
csgo-gambler,gambling
agenciasus,safe
gachoic 1,gambling
eloterija,gambling
big-h 2,gambling
dabet,gambling
roeyecdn,safe
8 xbet 05,gambling
cwin,gambling
bookies,gambling
kreitlow,safe
qh 235,gambling
tcu,safe
businessinsider,safe
679 king,gambling
novelbin,safe
blogspot,safe
spl 92-media,gambling
araraz,gambling
mobalytics,safe
agenciapatriciagalvao,safe
volcfcdndvs 1,safe
coffeebingo,gambling
cancer,safe
nobilia,safe
we 1 win 6,gambling
vndaga 88,gambling
wearever,safe
yolasite,safe
oralsin,safe
agenbetplace 88,gambling
pgnet,safe
f 8 betapp,gambling
medex,safe
hibiny,safe
finaz,safe
roletagratis,gambling
i 9 bet 74,gambling
focopublicacoes,safe
tospotify,safe
painelfornecedor,safe
gametime 88,gambling
w 3 schools,safe
dns 2,safe
catolicasc,safe
notion,safe
s 999 h,gambling
saobet,gambling
com 21,safe
parasino,gambling
yyvip,gambling
paqueradolado,safe
sharechat,safe
k 8 asia 90,gambling
fastbet,gambling
depositbetplace 88,gambling
vn 138 viet,gambling
getcrm,safe
21 casino,gambling
s 999 e,gambling
bkbet,gambling
ttfordvip,gambling
anteldata,safe
armoniacasa,safe
bgdns,safe
webbookmakers,gambling
fortunus,safe
l 0 tto 2755,gambling
apostas 198 k,gambling
5 ch,safe
v 9 jvn,gambling
fiesp,safe
webcrial,safe
max 79,gambling
perfectdomain,safe
unwomen,safe
redebrasil,safe
procer,safe
to 188 xj,gambling
takarakuji-official,gambling
blueapron,safe
carapicuiba,safe
betus,gambling
taixiusunwin,gambling
unimedcostadosol,safe
truist,safe
macaubet,gambling
iprojetei,safe
vwinvnbet,gambling
csgofunpot,gambling
hb 8875,gambling
palmas,safe
diskingressos,safe
abplive,safe
santabarbara,safe
luckymeslots,gambling
biobiochile,safe
sodo 6868,gambling
vegascrestcasino,gambling
litgorod,safe
xplace,safe
betrivers,gambling
mewahbonus,gambling
marinacalcados,safe
socalsportbook,gambling
actiononsports,gambling
uchi,safe
screener,safe
bandarklik 4 d,gambling
crowntraining,safe
urbanovitalino,safe
stby,gambling
amplitude,safe
pointmediatracker,safe
16 personalities,safe
188 bet,gambling
krugerbets,gambling
maxitip,gambling
novagne,safe
btcsportsbet,gambling
fb 88,gambling
ae 88839,gambling
7 jackpots,gambling
sv 88,gambling
covers,safe
5123 b,gambling
marutisuzuki,safe
hollywoodsportsbook,gambling
lanterna 99 x,gambling
netgear,safe
katiesbingo,gambling
tipbet,gambling
vip 79,gambling
wjcasino,gambling
expekt,gambling
tecmundo,safe
ae 88840,gambling
casaevideo,safe
congonhas,safe
cian,safe
saviatendimento,safe
unisantos,safe
tvnovelas,safe
gpluxuria,safe
partypoker,gambling
mypowerplay 11,gambling
botinok,safe
palladiumcasino,gambling
wixstars,gambling
casilando,gambling
mykronos,safe
smartadserver,safe
jonbet,gambling
medcel,safe
fundacaoculturaldecuritiba,safe
igamecj,safe
begrowth,safe
tamarine,safe
betplace 88,gambling
device 9,safe
anonibet,gambling
sundaysky,safe
haproxyedge,safe
bemsign,safe
horadoempregodf,safe
xbet 365,gambling
visualhost,safe
oimpacto,safe
vwin 010,gambling
kosmonautcasino,gambling
stumbleupon,safe
likebrasil,safe
regionalwinsite,gambling
jbbbet,gambling
whitehouse,safe
989 bet,gambling
vturb,safe
alagoinhas,safe
sanfrancasino,gambling
masuk 4 d,gambling
comeon,gambling
8 vnd 7,gambling
jun 88 k,gambling
portaldosmunicipios,safe
onbet 2,gambling
c 54 bbb,gambling
netiz,safe
www-ee 88,gambling
naijabet,gambling
astroz,gambling
qualitab,safe
thevw 155,gambling
juvocredito,safe
newcastle,safe
i 9 bet 115,gambling
lapalabradeldia,safe
laracasts,safe
contorabet,gambling
fastshop,safe
33 across,safe
rtmbrasil,safe
bet 7 k,gambling
makrosystem,safe
mailchimp,safe
sodo,gambling
kirsikka,gambling
pinimg,safe
agentspinner,gambling
unibb,safe
choi 99,gambling
meridianbet,gambling
8 xbet 06,gambling
hjnet,safe
6 qnn-noticias,gambling
stake,gambling
mxdconceito,safe
betuniq,gambling
bet 9 ja,gambling
taiqqlive,gambling
samehadaku,safe
capodarte,safe
pubnubapi,safe
30 winvn,gambling
cnn,safe
kuwinvip,gambling
sip,safe
fi 88,gambling
jss 77,gambling
zefoy,safe
bobcasino,gambling
ywslink,gambling
efirbet,gambling
sanook,safe
new 88 ok 1,safe
usadofacil,safe
net 88,gambling
stakers,gambling
betfred,gambling
gold 123,gambling
ch-xxyc,gambling
distribuidoracp,safe
oltsoft,safe
wtscorporate,safe
f 8 bet 4,gambling
osdig,safe
bet 33,gambling
betonline 247,gambling
powempresas,safe
lq-news,gambling
lformolo,safe
babygooutlet,safe
zee 5,safe
22 zalo,gambling
tododia,safe
wtsoftware,safe
favbet,gambling
fb 88 v,gambling
5 play,safe
upehelp,safe
jetbull,gambling
rixengine,safe
jogos 360,safe
radio 88 e 7 fm,safe
cidadao,safe
ecommercestore,safe
ano 88,gambling
sigo,safe
ispot,safe
plexodds,gambling
mameluko,safe
lixi 88,gambling
studiospirit,safe
filtrosnewtec,safe
orlandocasino,gambling
kubet 9,gambling
nbet,gambling
torre 21,gambling
sistemafaep,safe
jenkins,safe
github,safe
bong 8899,gambling
cbet,gambling
bitfuel,safe
italianofacilbr,safe
nohu,gambling
csgo 777,gambling
allhorseracing,gambling
usercentrics,safe
hollywoodreporter,safe
the-inteljp,gambling
ku 6133,gambling
apontador,safe
togetter,safe
viprik,gambling
csgolucky,gambling
csgojackpot,gambling
pbrasil,safe
gaviao 55,gambling
nordkurier,safe
o 2 eslk-site,gambling
78 win 01,gambling
exacti,safe
kufun,gambling
midiati,safe
talon-sec,safe
jornalcorreiodovale,safe
netbet,gambling
olivre,safe
rumble,safe
mocbus,safe
portalcaparao,safe
sabnet,safe
ligaonepiece,safe
csgoluck,gambling
ed 3688,gambling
aldos,safe
101 ae 888,gambling
assistonline,safe
bepe 88,gambling
faber,gambling
9 mod,safe
licitacoes-e,safe
carnival,safe
8 k 88,gambling
safraempresas,safe
betregal,gambling
roda 789,gambling
genesiscasino,gambling
8 xbet 11,gambling
furacao,safe
lojasebocultural,safe
lionbet,gambling
thvwbet,gambling
playfortune,safe
lichess,safe
smartlivegaming,gambling
vivastelecom,safe
hpbet,gambling
sportsbetting,gambling
playfrank,gambling
identidadefacil,safe
vacasino,gambling
gem-rx,gambling
nease,safe
mubet,gambling
k 8 game 92,gambling
uwaterloo,safe
fundasp,safe
bitcoinsports,gambling
bcorporation,safe
w 88 st,gambling
betprimetime,gambling
verajohn,gambling
ip 4 y,safe
mtprev,safe
maringapost,safe
pointcondominio,safe
diariosp,safe
goldnettelecom,safe
seiziguitars,safe
361-spot,gambling
bamasportsbook,gambling
fogo 456,gambling
